{"cameraMode":{"drawMode":0,"name":"Shaded","section":"Shading Mode"},"sceneLighting":false,"audioPlay":false,"sceneViewState":{"showFog":true,"showMaterialUpdate":false,"showSkybox":false,"showFlares":true,"showImageEffects":true,"showParticleSystems":true},"in2DMode":false,"pivot":{"x":365.5888366699219,"y":246.04295349121095,"z":3.3000030517578127},"rotation":{"x":-0.18958397209644319,"y":0.027095092460513116,"z":-0.005225460976362228,"w":-0.9814888834953308},"size":183.43017578125,"orthographic":false}