{"cameraMode":{"drawMode":0,"name":"Shaded","section":"Shading Mode"},"sceneLighting":true,"audioPlay":false,"sceneViewState":{"showFog":true,"showMaterialUpdate":false,"showSkybox":true,"showFlares":true,"showImageEffects":true,"showParticleSystems":true},"in2DMode":false,"pivot":{"x":442.2991943359375,"y":245.54286193847657,"z":106.1988525390625},"rotation":{"x":-0.11695023626089096,"y":0.03931623697280884,"z":-0.00462805200368166,"w":-0.9923569560050964},"size":127.84445190429688,"orthographic":false}