{"cameraMode":{"drawMode":0,"name":"Shaded","section":"Shading Mode"},"sceneLighting":false,"audioPlay":false,"sceneViewState":{"showFog":true,"showMaterialUpdate":false,"showSkybox":false,"showFlares":true,"showImageEffects":true,"showParticleSystems":true},"in2DMode":false,"pivot":{"x":359.89996337890627,"y":243.88800048828126,"z":6.599999904632568},"rotation":{"x":-0.06476253271102905,"y":-0.00838429480791092,"z":0.0005523122963495553,"w":-0.9978774785995483},"size":267.36041259765627,"orthographic":false}