{"cameraMode":{"drawMode":0,"name":"Shaded","section":"Shading Mode"},"sceneLighting":false,"audioPlay":false,"sceneViewState":{"showFog":true,"showMaterialUpdate":false,"showSkybox":false,"showFlares":true,"showImageEffects":true,"showParticleSystems":true},"in2DMode":false,"pivot":{"x":1019.3656005859375,"y":1021.919189453125,"z":16.276123046875},"rotation":{"x":-0.036300964653491977,"y":-0.006897626910358667,"z":0.00025886291405186057,"w":-0.999329149723053},"size":84.2022476196289,"orthographic":false}