{"cameraMode":{"drawMode":0,"name":"Shaded","section":"Shading Mode"},"sceneLighting":false,"audioPlay":false,"sceneViewState":{"showFog":true,"showMaterialUpdate":false,"showSkybox":false,"showFlares":true,"showImageEffects":true,"showParticleSystems":true},"in2DMode":false,"pivot":{"x":821.5999755859375,"y":246.82240295410157,"z":7.316983699798584},"rotation":{"x":-0.18958397209644319,"y":0.027095092460513116,"z":-0.005225460976362228,"w":-0.9814888834953308},"size":156.24827575683595,"orthographic":false}