{"cameraMode":{"drawMode":0,"name":"Shaded","section":"Shading Mode"},"sceneLighting":true,"audioPlay":false,"sceneViewState":{"showFog":true,"showMaterialUpdate":false,"showSkybox":true,"showFlares":true,"showImageEffects":true,"showParticleSystems":true},"in2DMode":false,"pivot":{"x":414.2467041015625,"y":316.5968017578125,"z":448.4544677734375},"rotation":{"x":0.03480265662074089,"y":-0.004187410231679678,"z":0.00014084053691476583,"w":0.9993998408317566},"size":590.2521362304688,"orthographic":false}