{"cameraMode":{"drawMode":0,"name":"Shaded","section":"Shading Mode"},"sceneLighting":false,"audioPlay":false,"sceneViewState":{"showFog":true,"showMaterialUpdate":false,"showSkybox":false,"showFlares":true,"showImageEffects":true,"showParticleSystems":true},"in2DMode":false,"pivot":{"x":361.5708923339844,"y":158.5500030517578,"z":3.3000030517578127},"rotation":{"x":-0.18958397209644319,"y":0.027095092460513116,"z":-0.005225460976362228,"w":-0.9814888834953308},"size":207.06407165527345,"orthographic":false}