{"cameraMode":{"drawMode":0,"name":"Shaded","section":"Shading Mode"},"sceneLighting":false,"audioPlay":false,"sceneViewState":{"showFog":true,"showMaterialUpdate":false,"showSkybox":false,"showFlares":true,"showImageEffects":true,"showParticleSystems":true},"in2DMode":false,"pivot":{"x":1011.452392578125,"y":981.8004150390625,"z":53.2080078125},"rotation":{"x":-0.036300964653491977,"y":-0.006897626910358667,"z":0.00025886291405186057,"w":-0.999329149723053},"size":112.24788665771485,"orthographic":false}