{"cameraMode":{"drawMode":0,"name":"Shaded","section":"Shading Mode"},"sceneLighting":false,"audioPlay":false,"sceneViewState":{"showFog":true,"showMaterialUpdate":false,"showSkybox":false,"showFlares":true,"showImageEffects":true,"showParticleSystems":true},"in2DMode":false,"pivot":{"x":811.9310302734375,"y":572.8472290039063,"z":-86.28706359863281},"rotation":{"x":0.002720528282225132,"y":-0.9971215128898621,"z":0.04371146112680435,"w":0.06200664862990379},"size":116.8543701171875,"orthographic":false}