{"cameraMode":{"drawMode":0,"name":"Shaded","section":"Shading Mode"},"sceneLighting":false,"audioPlay":false,"sceneViewState":{"showFog":true,"showMaterialUpdate":false,"showSkybox":false,"showFlares":true,"showImageEffects":true,"showParticleSystems":true},"in2DMode":false,"pivot":{"x":193.11849975585938,"y":200.885009765625,"z":6.599999904632568},"rotation":{"x":-0.18958397209644319,"y":0.027095092460513116,"z":-0.005225460976362228,"w":-0.9814888834953308},"size":92.9693374633789,"orthographic":false}