{"cameraMode":{"drawMode":0,"name":"Shaded","section":"Shading Mode"},"sceneLighting":false,"audioPlay":false,"sceneViewState":{"showFog":true,"showMaterialUpdate":false,"showSkybox":false,"showFlares":true,"showImageEffects":true,"showParticleSystems":true},"in2DMode":false,"pivot":{"x":139.1472930908203,"y":87.67500305175781,"z":3.3000030517578127},"rotation":{"x":-0.002909383038058877,"y":0.9947940111160278,"z":-0.09761153161525727,"w":-0.029551716521382333},"size":156.0369110107422,"orthographic":false}