{"cameraMode":{"drawMode":0,"name":"Shaded","section":"Shading Mode"},"sceneLighting":false,"audioPlay":false,"sceneViewState":{"showFog":true,"showMaterialUpdate":false,"showSkybox":false,"showFlares":true,"showImageEffects":true,"showParticleSystems":true},"in2DMode":false,"pivot":{"x":337.3500061035156,"y":253.0,"z":3.3000030517578127},"rotation":{"x":-0.11695023626089096,"y":0.03931623697280884,"z":-0.00462805200368166,"w":-0.9923569560050964},"size":178.89358520507813,"orthographic":false}