{"cameraMode":{"drawMode":0,"name":"Shaded","section":"Shading Mode"},"sceneLighting":false,"audioPlay":false,"sceneViewState":{"showFog":true,"showMaterialUpdate":false,"showSkybox":false,"showFlares":true,"showImageEffects":true,"showParticleSystems":true},"in2DMode":false,"pivot":{"x":329.3999938964844,"y":255.39999389648438,"z":7.316983699798584},"rotation":{"x":-0.06476253271102905,"y":-0.00838429480791092,"z":0.0005523122963495553,"w":-0.9978774785995483},"size":149.83753967285157,"orthographic":false}