{"cameraMode":{"drawMode":0,"name":"Shaded","section":"Shading Mode"},"sceneLighting":false,"audioPlay":false,"sceneViewState":{"showFog":true,"showMaterialUpdate":false,"showSkybox":false,"showFlares":true,"showImageEffects":true,"showParticleSystems":true},"in2DMode":false,"pivot":{"x":835.8861083984375,"y":667.4032592773438,"z":31.923416137695314},"rotation":{"x":-0.01830807700753212,"y":0.008096395060420037,"z":-0.0001399169850628823,"w":-0.9998111128807068},"size":97.06102752685547,"orthographic":false}